[{"model": "Auction.user", "pk": 1, "fields": {"password": "pbkdf2_sha256$320000$UvjTTmYTZ3aR9HUlAOv2T8$poqpqi4Ysb6zqS/2Tw2yuiOPczB1VPqY9iVQj7hgXCU=", "last_login": "2022-03-20T13:53:58.660Z", "is_superuser": true, "username": "pazzo", "first_name": "", "last_name": "", "email": "pazzo1991", "is_staff": true, "is_active": true, "date_joined": "2022-02-26T12:56:04.061Z", "groups": [], "user_permissions": []}}, {"model": "Auction.user", "pk": 2, "fields": {"password": "pbkdf2_sha256$320000$UPWvsnwVi5aA6Mj6EkQdI9$D/7qPutVcU+xMmvSnJZg3Vp9z7rqlmsJWKw8RXQJskA=", "last_login": "2022-03-01T16:01:22.283Z", "is_superuser": false, "username": "nooshin", "first_name": "", "last_name": "", "email": "a@g.com", "is_staff": false, "is_active": true, "date_joined": "2022-02-27T19:34:58.259Z", "groups": [], "user_permissions": []}}, {"model": "Auction.user", "pk": 3, "fields": {"password": "pbkdf2_sha256$320000$mIiMfyRbSiuHkqlE4w5l4n$eqmjaZua5EZ5N9uMaSmuFjOSxMCSC+iZ4DmjWkY24QE=", "last_login": "2022-03-02T19:12:41.518Z", "is_superuser": false, "username": "mobin", "first_name": "", "last_name": "", "email": "mobin@gmail.com", "is_staff": false, "is_active": true, "date_joined": "2022-02-27T20:38:01.921Z", "groups": [], "user_permissions": []}}, {"model": "Auction.user", "pk": 4, "fields": {"password": "pbkdf2_sha256$320000$c5peSrXx9fXJSqYDhAb7Qd$gL9Q2T8C2T1+YHA2t2jqi2ZHXU4gswLjs6ak4ixsSr0=", "last_login": "2022-03-01T21:17:24.958Z", "is_superuser": false, "username": "shamim", "first_name": "", "last_name": "", "email": "s@g.com", "is_staff": false, "is_active": true, "date_joined": "2022-03-01T21:17:24.826Z", "groups": [], "user_permissions": []}}, {"model": "Auction.user", "pk": 5, "fields": {"password": "pbkdf2_sha256$320000$05kix2OcADnoKBVENtMTsn$xJ77mNZVN6pZy71AIrVROxLxWDFk0jacRpFkSSgiVks=", "last_login": "2022-03-02T07:02:51.157Z", "is_superuser": false, "username": "ali", "first_name": "", "last_name": "", "email": "a@g.com", "is_staff": false, "is_active": true, "date_joined": "2022-03-02T07:02:51.027Z", "groups": [], "user_permissions": []}}, {"model": "Auction.category", "pk": 32, "fields": {"name": "gun"}}, {"model": "Auction.category", "pk": 33, "fields": {"name": "military"}}, {"model": "Auction.category", "pk": 34, "fields": {"name": "magnum"}}, {"model": "Auction.category", "pk": 35, "fields": {"name": "pistol"}}, {"model": "Auction.category", "pk": 38, "fields": {"name": "headset"}}, {"model": "Auction.category", "pk": 39, "fields": {"name": "gaming"}}, {"model": "Auction.category", "pk": 40, "fields": {"name": "game"}}, {"model": "Auction.category", "pk": 41, "fields": {"name": "pc"}}, {"model": "Auction.category", "pk": 42, "fields": {"name": "computer"}}, {"model": "Auction.category", "pk": 44, "fields": {"name": "sunglass"}}, {"model": "Auction.category", "pk": 45, "fields": {"name": "glass"}}, {"model": "Auction.category", "pk": 46, "fields": {"name": "accessory"}}, {"model": "Auction.category", "pk": 47, "fields": {"name": "elden-ring"}}, {"model": "Auction.category", "pk": 48, "fields": {"name": "fun"}}, {"model": "Auction.category", "pk": 49, "fields": {"name": "laptop"}}, {"model": "Auction.category", "pk": 56, "fields": {"name": "phone"}}, {"model": "Auction.category", "pk": 57, "fields": {"name": "iphone"}}, {"model": "Auction.category", "pk": 58, "fields": {"name": "ipad"}}, {"model": "Auction.bid", "pk": 1, "fields": {"user": 1, "amount": 1300.0, "created_at": "2022-03-01T07:16:49.334Z"}}, {"model": "Auction.bid", "pk": 2, "fields": {"user": 3, "amount": 1200.0, "created_at": "2022-03-01T08:00:41.304Z"}}, {"model": "Auction.bid", "pk": 3, "fields": {"user": 3, "amount": 1200.0, "created_at": "2022-03-01T08:02:13.478Z"}}, {"model": "Auction.bid", "pk": 4, "fields": {"user": 2, "amount": 1300.0, "created_at": "2022-03-01T08:03:23.625Z"}}, {"model": "Auction.bid", "pk": 5, "fields": {"user": 2, "amount": 1301.0, "created_at": "2022-03-01T08:15:17.881Z"}}, {"model": "Auction.bid", "pk": 6, "fields": {"user": 2, "amount": 1501.0, "created_at": "2022-03-01T08:15:54.803Z"}}, {"model": "Auction.bid", "pk": 7, "fields": {"user": 1, "amount": 1500.0, "created_at": "2022-03-01T08:56:44.644Z"}}, {"model": "Auction.bid", "pk": 8, "fields": {"user": 2, "amount": 1200.0, "created_at": "2022-03-01T15:59:36.463Z"}}, {"model": "Auction.bid", "pk": 9, "fields": {"user": 4, "amount": 1320.0, "created_at": "2022-03-01T21:29:44.956Z"}}, {"model": "Auction.bid", "pk": 10, "fields": {"user": 3, "amount": 1600.0, "created_at": "2022-03-02T07:15:00.044Z"}}, {"model": "Auction.bid", "pk": 11, "fields": {"user": 1, "amount": 1700.0, "created_at": "2022-03-02T19:11:24.600Z"}}, {"model": "Auction.listing", "pk": 26, "fields": {"title": "Magnum", "description": "a very nice gun!", "user": 1, "created_at": "2022-02-28T18:50:34.453Z", "updated_at": "2022-03-02T07:09:42.213Z", "starting_price": 1000.0, "image": "uploads/magnum.jpg", "current_bid": 9, "is_active": false, "watchers": [2], "category": [32, 33, 34, 35]}}, {"model": "Auction.listing", "pk": 28, "fields": {"title": "Headset", "description": "a nice headset", "user": 1, "created_at": "2022-02-28T20:04:29.057Z", "updated_at": "2022-03-02T07:11:39.741Z", "starting_price": 1500.0, "image": "uploads/headset.png", "current_bid": 6, "is_active": false, "watchers": [], "category": [38, 39, 40, 41, 42]}}, {"model": "Auction.listing", "pk": 30, "fields": {"title": "Sunglasses", "description": "a nice pair of glasses.", "user": 1, "created_at": "2022-02-28T20:13:42.291Z", "updated_at": "2022-03-01T07:16:53.104Z", "starting_price": 1200.0, "image": "uploads/sunglasses.png", "current_bid": 1, "is_active": true, "watchers": [1], "category": [44, 45, 46]}}, {"model": "Auction.listing", "pk": 31, "fields": {"title": "Elden Ring", "description": "this seems like an awesome game!", "user": 2, "created_at": "2022-03-01T08:54:39.557Z", "updated_at": "2022-03-01T08:59:33.638Z", "starting_price": 999.0, "image": "uploads/elden_ring.jpg", "current_bid": 7, "is_active": false, "watchers": [], "category": [40, 42, 47, 48]}}, {"model": "Auction.listing", "pk": 32, "fields": {"title": "Gaming PC", "description": "An absolute power house!", "user": 2, "created_at": "2022-03-01T09:17:07.328Z", "updated_at": "2022-03-01T09:17:22.968Z", "starting_price": 18000.0, "image": "uploads/gaming_pc.jpg", "current_bid": null, "is_active": false, "watchers": [], "category": [39, 40, 41, 42, 48]}}, {"model": "Auction.listing", "pk": 33, "fields": {"title": "Laptop", "description": "a nice laptop.", "user": 3, "created_at": "2022-03-01T09:30:03.940Z", "updated_at": "2022-03-02T19:11:24.604Z", "starting_price": 1600.0, "image": "uploads/laptop.jpg", "current_bid": 11, "is_active": true, "watchers": [], "category": [41, 42, 49]}}, {"model": "Auction.listing", "pk": 35, "fields": {"title": "iPhone 13", "description": "an awesome phone!", "user": 5, "created_at": "2022-03-02T07:05:02.200Z", "updated_at": "2022-03-02T07:05:02.200Z", "starting_price": 1000.0, "image": "uploads/iphone_13.jpg", "current_bid": null, "is_active": true, "watchers": [], "category": [56, 57]}}, {"model": "Auction.listing", "pk": 36, "fields": {"title": "iPad", "description": "a good tablet.", "user": 1, "created_at": "2022-03-02T07:13:19.991Z", "updated_at": "2022-03-02T07:15:00.050Z", "starting_price": 1500.0, "image": "uploads/ipad.jpg", "current_bid": 10, "is_active": true, "watchers": [], "category": [56, 58]}}, {"model": "Auction.comment", "pk": 17, "fields": {"user": 2, "content": "this game is awesome!", "listing": 31, "created_at": "2022-03-01T08:55:07.507Z"}}, {"model": "Auction.comment", "pk": 18, "fields": {"user": 1, "content": "wow!", "listing": 31, "created_at": "2022-03-01T08:56:39.427Z"}}, {"model": "Auction.comment", "pk": 20, "fields": {"user": 1, "content": "wooow!", "listing": 26, "created_at": "2022-03-02T06:57:51.445Z"}}, {"model": "Auction.comment", "pk": 21, "fields": {"user": 3, "content": "wow!", "listing": 36, "created_at": "2022-03-02T07:15:06.828Z"}}, {"model": "Auction.comment", "pk": 22, "fields": {"user": 1, "content": "wow!", "listing": 30, "created_at": "2022-03-02T07:27:05.008Z"}}, {"model": "Auction.comment", "pk": 24, "fields": {"user": 1, "content": "wow such a nice thing!", "listing": 33, "created_at": "2022-03-02T19:12:22.408Z"}}, {"model": "admin.logentry", "pk": 1, "fields": {"action_time": "2022-02-26T17:31:16.384Z", "user": 1, "content_type": 6, "object_id": "1", "object_repr": "cloth", "action_flag": 1, "change_message": "[{\"added\": {}}]"}}, {"model": "admin.logentry", "pk": 2, "fields": {"action_time": "2022-02-26T17:31:24.233Z", "user": 1, "content_type": 6, "object_id": "2", "object_repr": "technology", "action_flag": 1, "change_message": "[{\"added\": {}}]"}}, {"model": "admin.logentry", "pk": 3, "fields": {"action_time": "2022-02-26T17:31:30.140Z", "user": 1, "content_type": 6, "object_id": "3", "object_repr": "wearable", "action_flag": 1, "change_message": "[{\"added\": {}}]"}}, {"model": "admin.logentry", "pk": 4, "fields": {"action_time": "2022-02-26T17:31:33.768Z", "user": 1, "content_type": 6, "object_id": "4", "object_repr": "food", "action_flag": 1, "change_message": "[{\"added\": {}}]"}}, {"model": "admin.logentry", "pk": 5, "fields": {"action_time": "2022-02-26T17:31:39.879Z", "user": 1, "content_type": 6, "object_id": "5", "object_repr": "old", "action_flag": 1, "change_message": "[{\"added\": {}}]"}}, {"model": "admin.logentry", "pk": 6, "fields": {"action_time": "2022-02-26T17:31:42.835Z", "user": 1, "content_type": 6, "object_id": "6", "object_repr": "school", "action_flag": 1, "change_message": "[{\"added\": {}}]"}}, {"model": "admin.logentry", "pk": 7, "fields": {"action_time": "2022-02-26T17:31:44.849Z", "user": 1, "content_type": 6, "object_id": "7", "object_repr": "university", "action_flag": 1, "change_message": "[{\"added\": {}}]"}}, {"model": "admin.logentry", "pk": 8, "fields": {"action_time": "2022-02-26T17:31:48.017Z", "user": 1, "content_type": 6, "object_id": "8", "object_repr": "fantasy", "action_flag": 1, "change_message": "[{\"added\": {}}]"}}, {"model": "admin.logentry", "pk": 9, "fields": {"action_time": "2022-02-26T17:31:50.738Z", "user": 1, "content_type": 6, "object_id": "9", "object_repr": "classic", "action_flag": 1, "change_message": "[{\"added\": {}}]"}}, {"model": "admin.logentry", "pk": 10, "fields": {"action_time": "2022-02-26T18:09:09.240Z", "user": 1, "content_type": 8, "object_id": "3", "object_repr": "Listing object (3)", "action_flag": 3, "change_message": ""}}, {"model": "admin.logentry", "pk": 11, "fields": {"action_time": "2022-02-26T18:09:09.245Z", "user": 1, "content_type": 8, "object_id": "2", "object_repr": "Listing object (2)", "action_flag": 3, "change_message": ""}}, {"model": "admin.logentry", "pk": 12, "fields": {"action_time": "2022-02-26T18:09:09.249Z", "user": 1, "content_type": 8, "object_id": "1", "object_repr": "Listing object (1)", "action_flag": 3, "change_message": ""}}, {"model": "admin.logentry", "pk": 13, "fields": {"action_time": "2022-02-27T12:24:41.382Z", "user": 1, "content_type": 8, "object_id": "7", "object_repr": "Listing object (7)", "action_flag": 2, "change_message": "[{\"changed\": {\"fields\": [\"Image\"]}}]"}}, {"model": "admin.logentry", "pk": 14, "fields": {"action_time": "2022-02-27T14:57:02.499Z", "user": 1, "content_type": 8, "object_id": "10", "object_repr": "Listing object (10)", "action_flag": 2, "change_message": "[{\"changed\": {\"fields\": [\"Image\"]}}]"}}, {"model": "admin.logentry", "pk": 15, "fields": {"action_time": "2022-02-27T21:19:11.878Z", "user": 1, "content_type": 8, "object_id": "12", "object_repr": "Listing object (12)", "action_flag": 3, "change_message": ""}}, {"model": "admin.logentry", "pk": 16, "fields": {"action_time": "2022-02-28T13:43:48.811Z", "user": 1, "content_type": 7, "object_id": "1", "object_repr": "Comment object (1)", "action_flag": 1, "change_message": "[{\"added\": {}}]"}}, {"model": "admin.logentry", "pk": 17, "fields": {"action_time": "2022-02-28T17:16:06.250Z", "user": 1, "content_type": 6, "object_id": "14", "object_repr": "this-is-fun", "action_flag": 3, "change_message": ""}}, {"model": "admin.logentry", "pk": 18, "fields": {"action_time": "2022-02-28T17:16:06.254Z", "user": 1, "content_type": 6, "object_id": "13", "object_repr": "science", "action_flag": 3, "change_message": ""}}, {"model": "admin.logentry", "pk": 19, "fields": {"action_time": "2022-02-28T17:16:06.258Z", "user": 1, "content_type": 6, "object_id": "12", "object_repr": "computer", "action_flag": 3, "change_message": ""}}, {"model": "admin.logentry", "pk": 20, "fields": {"action_time": "2022-02-28T17:16:06.261Z", "user": 1, "content_type": 6, "object_id": "11", "object_repr": "code", "action_flag": 3, "change_message": ""}}, {"model": "admin.logentry", "pk": 21, "fields": {"action_time": "2022-02-28T17:16:06.264Z", "user": 1, "content_type": 6, "object_id": "10", "object_repr": "code", "action_flag": 3, "change_message": ""}}, {"model": "admin.logentry", "pk": 22, "fields": {"action_time": "2022-02-28T17:16:06.267Z", "user": 1, "content_type": 6, "object_id": "9", "object_repr": "classic", "action_flag": 3, "change_message": ""}}, {"model": "admin.logentry", "pk": 23, "fields": {"action_time": "2022-02-28T17:16:06.271Z", "user": 1, "content_type": 6, "object_id": "8", "object_repr": "fantasy", "action_flag": 3, "change_message": ""}}, {"model": "admin.logentry", "pk": 24, "fields": {"action_time": "2022-02-28T17:16:06.274Z", "user": 1, "content_type": 6, "object_id": "7", "object_repr": "university", "action_flag": 3, "change_message": ""}}, {"model": "admin.logentry", "pk": 25, "fields": {"action_time": "2022-02-28T17:16:06.277Z", "user": 1, "content_type": 6, "object_id": "6", "object_repr": "school", "action_flag": 3, "change_message": ""}}, {"model": "admin.logentry", "pk": 26, "fields": {"action_time": "2022-02-28T17:16:06.280Z", "user": 1, "content_type": 6, "object_id": "5", "object_repr": "old", "action_flag": 3, "change_message": ""}}, {"model": "admin.logentry", "pk": 27, "fields": {"action_time": "2022-02-28T17:16:06.283Z", "user": 1, "content_type": 6, "object_id": "4", "object_repr": "food", "action_flag": 3, "change_message": ""}}, {"model": "admin.logentry", "pk": 28, "fields": {"action_time": "2022-02-28T17:16:06.285Z", "user": 1, "content_type": 6, "object_id": "3", "object_repr": "wearable", "action_flag": 3, "change_message": ""}}, {"model": "admin.logentry", "pk": 29, "fields": {"action_time": "2022-02-28T17:16:06.289Z", "user": 1, "content_type": 6, "object_id": "2", "object_repr": "technology", "action_flag": 3, "change_message": ""}}, {"model": "admin.logentry", "pk": 30, "fields": {"action_time": "2022-02-28T17:16:06.292Z", "user": 1, "content_type": 6, "object_id": "1", "object_repr": "cloth", "action_flag": 3, "change_message": ""}}, {"model": "admin.logentry", "pk": 31, "fields": {"action_time": "2022-02-28T17:46:48.256Z", "user": 1, "content_type": 6, "object_id": "28", "object_repr": "python", "action_flag": 3, "change_message": ""}}, {"model": "admin.logentry", "pk": 32, "fields": {"action_time": "2022-02-28T17:46:48.260Z", "user": 1, "content_type": 6, "object_id": "27", "object_repr": "code", "action_flag": 3, "change_message": ""}}, {"model": "admin.logentry", "pk": 33, "fields": {"action_time": "2022-02-28T17:46:48.263Z", "user": 1, "content_type": 6, "object_id": "26", "object_repr": "science", "action_flag": 3, "change_message": ""}}, {"model": "admin.logentry", "pk": 34, "fields": {"action_time": "2022-02-28T17:46:48.267Z", "user": 1, "content_type": 6, "object_id": "25", "object_repr": "code", "action_flag": 3, "change_message": ""}}, {"model": "admin.logentry", "pk": 35, "fields": {"action_time": "2022-02-28T17:46:48.270Z", "user": 1, "content_type": 6, "object_id": "24", "object_repr": "science", "action_flag": 3, "change_message": ""}}, {"model": "admin.logentry", "pk": 36, "fields": {"action_time": "2022-02-28T17:46:48.273Z", "user": 1, "content_type": 6, "object_id": "23", "object_repr": "python", "action_flag": 3, "change_message": ""}}, {"model": "admin.logentry", "pk": 37, "fields": {"action_time": "2022-02-28T17:46:48.276Z", "user": 1, "content_type": 6, "object_id": "22", "object_repr": "code", "action_flag": 3, "change_message": ""}}, {"model": "admin.logentry", "pk": 38, "fields": {"action_time": "2022-02-28T17:46:48.280Z", "user": 1, "content_type": 6, "object_id": "21", "object_repr": "science", "action_flag": 3, "change_message": ""}}, {"model": "admin.logentry", "pk": 39, "fields": {"action_time": "2022-02-28T17:46:48.283Z", "user": 1, "content_type": 6, "object_id": "20", "object_repr": "python", "action_flag": 3, "change_message": ""}}, {"model": "admin.logentry", "pk": 40, "fields": {"action_time": "2022-02-28T17:46:48.286Z", "user": 1, "content_type": 6, "object_id": "19", "object_repr": "science", "action_flag": 3, "change_message": ""}}, {"model": "admin.logentry", "pk": 41, "fields": {"action_time": "2022-02-28T17:46:48.290Z", "user": 1, "content_type": 6, "object_id": "18", "object_repr": "python", "action_flag": 3, "change_message": ""}}, {"model": "admin.logentry", "pk": 42, "fields": {"action_time": "2022-02-28T17:46:48.293Z", "user": 1, "content_type": 6, "object_id": "17", "object_repr": "science", "action_flag": 3, "change_message": ""}}, {"model": "admin.logentry", "pk": 43, "fields": {"action_time": "2022-02-28T17:46:48.296Z", "user": 1, "content_type": 6, "object_id": "16", "object_repr": "code", "action_flag": 3, "change_message": ""}}, {"model": "admin.logentry", "pk": 44, "fields": {"action_time": "2022-02-28T17:46:48.299Z", "user": 1, "content_type": 6, "object_id": "15", "object_repr": "science", "action_flag": 3, "change_message": ""}}, {"model": "admin.logentry", "pk": 45, "fields": {"action_time": "2022-03-01T07:16:49.337Z", "user": 1, "content_type": 5, "object_id": "1", "object_repr": "Bid object (1)", "action_flag": 1, "change_message": "[{\"added\": {}}]"}}, {"model": "admin.logentry", "pk": 46, "fields": {"action_time": "2022-03-01T07:16:53.108Z", "user": 1, "content_type": 8, "object_id": "30", "object_repr": "Listing object (30)", "action_flag": 2, "change_message": "[{\"changed\": {\"fields\": [\"Current bid\"]}}]"}}, {"model": "auth.permission", "pk": 1, "fields": {"name": "Can add user", "content_type": 1, "codename": "add_user"}}, {"model": "auth.permission", "pk": 2, "fields": {"name": "Can change user", "content_type": 1, "codename": "change_user"}}, {"model": "auth.permission", "pk": 3, "fields": {"name": "Can delete user", "content_type": 1, "codename": "delete_user"}}, {"model": "auth.permission", "pk": 4, "fields": {"name": "Can view user", "content_type": 1, "codename": "view_user"}}, {"model": "auth.permission", "pk": 5, "fields": {"name": "Can add permission", "content_type": 2, "codename": "add_permission"}}, {"model": "auth.permission", "pk": 6, "fields": {"name": "Can change permission", "content_type": 2, "codename": "change_permission"}}, {"model": "auth.permission", "pk": 7, "fields": {"name": "Can delete permission", "content_type": 2, "codename": "delete_permission"}}, {"model": "auth.permission", "pk": 8, "fields": {"name": "Can view permission", "content_type": 2, "codename": "view_permission"}}, {"model": "auth.permission", "pk": 9, "fields": {"name": "Can add group", "content_type": 3, "codename": "add_group"}}, {"model": "auth.permission", "pk": 10, "fields": {"name": "Can change group", "content_type": 3, "codename": "change_group"}}, {"model": "auth.permission", "pk": 11, "fields": {"name": "Can delete group", "content_type": 3, "codename": "delete_group"}}, {"model": "auth.permission", "pk": 12, "fields": {"name": "Can view group", "content_type": 3, "codename": "view_group"}}, {"model": "auth.permission", "pk": 13, "fields": {"name": "Can add content type", "content_type": 4, "codename": "add_contenttype"}}, {"model": "auth.permission", "pk": 14, "fields": {"name": "Can change content type", "content_type": 4, "codename": "change_contenttype"}}, {"model": "auth.permission", "pk": 15, "fields": {"name": "Can delete content type", "content_type": 4, "codename": "delete_contenttype"}}, {"model": "auth.permission", "pk": 16, "fields": {"name": "Can view content type", "content_type": 4, "codename": "view_contenttype"}}, {"model": "auth.permission", "pk": 17, "fields": {"name": "Can add bid", "content_type": 5, "codename": "add_bid"}}, {"model": "auth.permission", "pk": 18, "fields": {"name": "Can change bid", "content_type": 5, "codename": "change_bid"}}, {"model": "auth.permission", "pk": 19, "fields": {"name": "Can delete bid", "content_type": 5, "codename": "delete_bid"}}, {"model": "auth.permission", "pk": 20, "fields": {"name": "Can view bid", "content_type": 5, "codename": "view_bid"}}, {"model": "auth.permission", "pk": 21, "fields": {"name": "Can add category", "content_type": 6, "codename": "add_category"}}, {"model": "auth.permission", "pk": 22, "fields": {"name": "Can change category", "content_type": 6, "codename": "change_category"}}, {"model": "auth.permission", "pk": 23, "fields": {"name": "Can delete category", "content_type": 6, "codename": "delete_category"}}, {"model": "auth.permission", "pk": 24, "fields": {"name": "Can view category", "content_type": 6, "codename": "view_category"}}, {"model": "auth.permission", "pk": 25, "fields": {"name": "Can add comment", "content_type": 7, "codename": "add_comment"}}, {"model": "auth.permission", "pk": 26, "fields": {"name": "Can change comment", "content_type": 7, "codename": "change_comment"}}, {"model": "auth.permission", "pk": 27, "fields": {"name": "Can delete comment", "content_type": 7, "codename": "delete_comment"}}, {"model": "auth.permission", "pk": 28, "fields": {"name": "Can view comment", "content_type": 7, "codename": "view_comment"}}, {"model": "auth.permission", "pk": 29, "fields": {"name": "Can add listing", "content_type": 8, "codename": "add_listing"}}, {"model": "auth.permission", "pk": 30, "fields": {"name": "Can change listing", "content_type": 8, "codename": "change_listing"}}, {"model": "auth.permission", "pk": 31, "fields": {"name": "Can delete listing", "content_type": 8, "codename": "delete_listing"}}, {"model": "auth.permission", "pk": 32, "fields": {"name": "Can view listing", "content_type": 8, "codename": "view_listing"}}, {"model": "auth.permission", "pk": 33, "fields": {"name": "Can add log entry", "content_type": 9, "codename": "add_logentry"}}, {"model": "auth.permission", "pk": 34, "fields": {"name": "Can change log entry", "content_type": 9, "codename": "change_logentry"}}, {"model": "auth.permission", "pk": 35, "fields": {"name": "Can delete log entry", "content_type": 9, "codename": "delete_logentry"}}, {"model": "auth.permission", "pk": 36, "fields": {"name": "Can view log entry", "content_type": 9, "codename": "view_logentry"}}, {"model": "auth.permission", "pk": 37, "fields": {"name": "Can add session", "content_type": 10, "codename": "add_session"}}, {"model": "auth.permission", "pk": 38, "fields": {"name": "Can change session", "content_type": 10, "codename": "change_session"}}, {"model": "auth.permission", "pk": 39, "fields": {"name": "Can delete session", "content_type": 10, "codename": "delete_session"}}, {"model": "auth.permission", "pk": 40, "fields": {"name": "Can view session", "content_type": 10, "codename": "view_session"}}, {"model": "contenttypes.contenttype", "pk": 1, "fields": {"app_label": "Auction", "model": "user"}}, {"model": "contenttypes.contenttype", "pk": 2, "fields": {"app_label": "auth", "model": "permission"}}, {"model": "contenttypes.contenttype", "pk": 3, "fields": {"app_label": "auth", "model": "group"}}, {"model": "contenttypes.contenttype", "pk": 4, "fields": {"app_label": "contenttypes", "model": "contenttype"}}, {"model": "contenttypes.contenttype", "pk": 5, "fields": {"app_label": "Auction", "model": "bid"}}, {"model": "contenttypes.contenttype", "pk": 6, "fields": {"app_label": "Auction", "model": "category"}}, {"model": "contenttypes.contenttype", "pk": 7, "fields": {"app_label": "Auction", "model": "comment"}}, {"model": "contenttypes.contenttype", "pk": 8, "fields": {"app_label": "Auction", "model": "listing"}}, {"model": "contenttypes.contenttype", "pk": 9, "fields": {"app_label": "admin", "model": "logentry"}}, {"model": "contenttypes.contenttype", "pk": 10, "fields": {"app_label": "sessions", "model": "session"}}, {"model": "sessions.session", "pk": "bv5dg3jd8gg5rz6ib4ijx35keu9tk9sg", "fields": {"session_data": ".eJxVjEEOwiAQRe_C2hBaoIBL9z0DGWamUjWQlHZlvLtt0oVu_3vvv0WEbc1xa7zEmcRVdOLyuyXAJ5cD0APKvUqsZV3mJA9FnrTJsRK_bqf7d5Ch5b3m4CewlkB36Dggg7EOMSV0aN2gAxjFiXo_aa8VGON3CXpwygMHGsTnCw5uOM8:1nVw0M:6TJKcayuqPWpo4qcyEbkKnLGRuhXvFJCyOkQeQcFAHY", "expire_date": "2022-04-03T13:53:58.664Z"}}]
